iteration,best_cost,iteration_best
1,3755.6900985999996,3755.6900985999996
2,3755.6900985999996,3790.170225199999
3,3748.1330539999994,3748.1330539999994
4,3635.6436498,3635.6436498
5,3488.136808200001,3488.136808200001
6,3488.136808200001,3524.7463568
7,3488.136808200001,3584.393118799999
8,3488.136808200001,3619.052344400001
9,3187.3367783999993,3187.3367783999993
10,3187.3367783999993,3286.5259713999994
11,3041.2589061999997,3041.2589061999997
12,3041.2589061999997,3151.7099537999993
13,2812.4788926,2812.4788926
14,2812.4788926,2853.6197660000003
15,2638.9357253999997,2638.9357253999997
16,2598.9189186,2598.9189186
17,2598.9189186,2815.7246164
18,2598.9189186,2744.3836058000006
19,2598.9189186,2702.0555569999997
20,2598.9189186,2890.401664
21,2559.2111554,2559.2111554
22,2526.3587952000007,2526.3587952000007
23,2526.3587952000007,2726.3873252000003
24,2526.3587952000007,2607.8557644
25,2526.3587952000007,2661.1669542
26,2526.3587952000007,2526.3587952000007
27,2526.3587952000007,2586.9075986000003
28,2526.3587952000007,2720.1903084
29,2526.3587952000007,2673.2368237999995
30,2526.3587952000007,2724.8190390000004
31,2526.3587952000007,2567.4467826000005
32,2526.3587952000007,2693.1039246
33,2526.3587952000007,2583.8424166000004
34,2526.3587952000007,2718.3890128
35,2526.3587952000007,2682.1664878
