generation,best_cost,generation_best,mean_cost
1,8047.1042867999995,8047.1042867999995,9371.002119486666
2,7663.717273599998,7663.717273599998,8962.797433673333
3,7663.717273599998,7663.717273599998,8742.191054333332
4,7663.717273599998,7663.717273599998,8265.421166019998
5,7606.794120399999,7606.794120399999,8032.642462593333
6,7596.991898999999,7596.991898999999,7865.731172279999
7,7596.477558,7596.477558,7791.349419746666
8,7130.9252204,7130.9252204,7671.501232266665
9,7130.9252204,7130.9252204,7636.616733073332
10,7087.508760199999,7087.508760199999,7556.110031766666
11,7087.508760199999,7087.508760199999,7509.965392346666
12,7011.339126799999,7011.339126799999,7408.773561673333
13,6808.4100794,6808.4100794,7277.812738293334
14,6719.9733914,6719.9733914,7262.736163833334
15,6662.2018442,6662.2018442,7131.322619080001
16,6479.021876999998,6479.021876999998,7075.465717826667
17,6479.021876999998,6479.021876999998,6968.784182633332
18,6448.170953799999,6448.170953799999,6940.828193820001
19,6346.7773105999995,6346.7773105999995,6906.782278833332
20,6346.7773105999995,6346.7773105999995,6845.878861306667
21,6346.7773105999995,6346.7773105999995,6820.7916518266675
22,6346.7773105999995,6346.7773105999995,6724.032253826667
23,6279.1746502,6279.1746502,6686.581647206666
24,6279.1746502,6279.1746502,6622.55154254
25,6148.138635400001,6148.138635400001,6533.629806240001
26,6148.138635400001,6148.138635400001,6387.269742399999
27,6019.7689488,6019.7689488,6471.010276186668
28,6009.5835908,6009.5835908,6280.698934833334
29,6009.5835908,6009.5835908,6151.673531099999
30,5967.613843,5967.613843,6121.428409073333
31,5965.6969756,5965.6969756,6145.64644316
32,5930.7572598,5930.7572598,6207.945773853333
33,5792.5457295999995,5792.5457295999995,6148.1563681
34,5667.3614452,5667.3614452,6168.488360773333
35,5667.3614452,5667.3614452,6084.154842
36,5624.2778536,5624.2778536,5980.784665573335
37,5624.2778536,5624.2778536,6074.35082558
38,5542.522447199999,5542.522447199999,5922.705686893334
39,5393.477311000001,5393.477311000001,5875.080108786668
40,5388.453782800003,5388.453782800003,5872.8766086800015
41,5388.453782800003,5388.453782800003,5747.925725260001
42,5388.453782800003,5388.453782800003,5823.952153053333
43,5388.453782800003,5388.453782800003,5848.817067533334
44,5339.408294200002,5339.408294200002,5526.239432400003
45,5339.408294200002,5339.408294200002,5444.170690240003
46,5339.408294200002,5339.408294200002,5525.588333780001
47,5339.408294200002,5339.408294200002,5538.287240693336
48,5309.422069800003,5309.422069800003,5559.381590080002
49,5309.422069800003,5309.422069800003,5679.478598106667
50,5309.422069800003,5309.422069800003,5649.3158795533345
