Capital,Vitoria-Gasteiz,Albacete,Alacant/Alicante,Almería,Oviedo,Ávila,Badajoz,Barcelona,Bilbao,Burgos,Cáceres,Cádiz,Santander,Castelló de la Plana/Castellón de la Plana,Ciudad Real,Córdoba,A Coruña,Cuenca,Donostia/San Sebastián,Girona,Granada,Guadalajara,Huelva,Huesca,Jaén,Logroño,León,Lleida,Lugo,Madrid,Málaga,Murcia,Pamplona/Iruña,Ourense,Palencia,Pontevedra,Salamanca,Segovia,Sevilla,Soria,Tarragona,Teruel,Toledo,Valencia,Valladolid,Zamora,Zaragoza
Vitoria-Gasteiz,0.0,207.11508120000002,254.8522436,319.122754,125.989,141.3516466,272.31728619999996,206.2511438,24.216276399999998,48.4160788,232.2366938,366.5907488,54.8756736,184.6205976,211.20100200000002,276.8936384,223.61176340000003,148.6319234,36.671562200000004,220.3233764,303.6080344,119.1693322,343.9515432,96.2373878,273.68247,22.168543,113.98807200000002,145.2892122,190.0675614,135.138325,333.03717000000006,265.6966646,40.06378,204.75821960000002,85.37311340000001,234.4053242,154.77867220000002,115.91135980000001,319.67401459999996,58.1374484,180.15170940000002,146.7420912,167.7173768,201.4392488,102.747589,140.45721,94.747843
Albacete,207.11508120000002,0.0,66.6478176,117.3403292,281.25835739999997,145.71982960000003,211.3251938,206.92363980000002,230.65936920000001,192.55545820000003,187.4854644,227.7003022,249.6911752,91.18369880000002,85.56489320000001,135.050376,349.5597876,58.5376512,229.778281,246.7186752,121.1166988,102.108041,231.96042900000003,176.899819,103.76968140000001,185.78715820000002,242.7141138,171.59056460000002,312.3270804,106.4830674,161.62098060000002,61.660955200000004,203.1844436,299.9333006,193.17793999999998,328.521224,186.9305706,138.9106384,192.6733988,148.9947836,169.31109080000002,77.8142076,100.04417199999999,65.81074620000001,182.83121680000002,206.4027092,146.721561
Alacant/Alicante,254.8522436,66.6478176,0.0,115.6556252,342.421784,211.99405660000002,270.6895244,194.3039478,279.0423308,248.9918978,250.65911260000001,263.3020374,302.7646272,89.03171160000001,146.9168894,181.09987800000002,414.78184600000003,114.3174766,271.0964014,235.18190479999998,144.90252700000002,163.96449379999999,277.4586704,201.58768859999998,141.788769,232.7242534,305.39716139999996,179.3916028,377.3271136,171.7320764,186.77587960000002,33.217753800000004,242.15237660000003,366.1335192,254.7484128,394.9503958,253.433497,203.2756028,236.6243918,198.5881534,163.393126,109.20008659999999,166.6410448,59.882051000000004,246.33215919999998,272.1891228,176.577004
Almería,319.122754,117.3403292,115.6556252,0.0,372.391196,222.7745228,217.5828706,307.845436,341.6818692,296.453303,214.8023196,163.74229939999998,355.88479859999995,195.2727312,129.3074632,112.14208740000001,422.0117702,172.52563859999998,344.77873020000004,348.793176,51.1463618,203.5440936,191.24426019999999,293.853886,74.3982494,298.8067006,331.0025312,283.68584799999996,387.52607379999995,196.7385356,83.076658,82.8853012,319.2776988,365.8281088,287.3742686,389.73153920000004,255.7874022,228.7766342,152.16903240000002,261.453181,274.190306,194.42890100000002,172.8280926,164.69089100000002,271.947498,282.0449916,263.995402
Oviedo,125.989,281.25835739999997,342.421784,372.391196,0.0,150.52471200000002,242.22934139999998,331.6685222,112.9958866,99.4586098,207.44811900000002,363.24508119999996,78.68203199999999,291.7356928,244.6673086,293.9549296,98.49743120000001,228.15423700000002,149.052318,346.1704416,340.8845046,179.2538934,327.24348160000005,221.6143826,308.5042452,140.706355,41.856286399999995,269.7820778,68.8202504,177.88490720000001,357.4016324,342.8119332,165.4105294,95.62538260000001,88.0804174,119.653597,127.39752380000002,144.8016526,317.22008100000005,157.0952348,303.34925880000003,246.4699532,199.6137944,300.05783080000003,100.6826202,98.6785652,214.45931280000002
Ávila,141.3516466,145.71982960000003,211.99405660000002,222.7745228,150.52471200000002,0.0,132.2796248,278.18802400000004,155.2288046,97.8349888,92.5155116,228.9378302,153.0765636,192.0886826,94.2064668,147.2326918,205.0274718,108.4397262,177.4851274,308.1848096,190.46759500000002,61.7723062,203.06337740000004,188.20831299999998,158.0935868,131.5502712,108.759331,219.0185142,168.46675299999998,42.6026216,209.4017368,204.09932579999997,166.8492986,154.213471,72.2359548,183.00280479999998,42.05811979999999,27.915427400000002,181.5944502,106.9198514,240.2663468,146.00251480000003,50.5417922,186.64121120000001,52.894936,61.4863262,161.79560959999998
Badajoz,272.31728619999996,211.3251938,270.6895244,217.5828706,242.22934139999998,132.2796248,0.0,394.267677,283.62493420000004,226.1364952,40.080677,127.9691454,274.19351620000003,290.28256,125.7634262,105.4672262,245.3133616,208.3260816,308.8369446,428.57494199999996,167.5659806,181.0423436,86.1669294,316.37591240000006,145.0605128,263.746257,205.31953380000002,340.3234442,220.65590659999998,157.0043294,156.9471334,247.50860419999998,299.12596700000006,187.0818822,193.3019626,200.4242536,122.9219614,159.7954416,89.01498380000001,238.1575304,354.90984860000003,252.06856700000003,131.56057859999999,273.1643266,173.0363464,147.9693964,287.48857599999997
Barcelona,206.2511438,206.92363980000002,194.3039478,307.845436,331.6685222,278.18802400000004,394.267677,0.0,223.793405,238.01289300000002,359.9969086,434.1569126,259.34799780000003,116.0052216,278.4538968,339.5161106,427.7374476,186.6616568,193.1137314,40.955090999999996,325.9420834,217.8283824,433.9751864,110.0906362,310.68994180000004,191.2612418,312.60317599999996,62.905242,392.3477686,241.052558,367.5321586,225.4814884,168.7962422,400.158945,268.1142708,431.1507878,314.12955580000005,252.9293788,396.6013058,185.49805260000002,39.458618200000004,143.0165818,262.7809376,144.84583859999998,274.92979779999996,315.440923,122.333612
Bilbao,24.216276399999998,230.65936920000001,279.0423308,341.6818692,112.9958866,155.2288046,283.62493420000004,223.793405,0.0,57.6798804,243.6687028,383.0266864,35.8104966,208.3794752,230.7970786,295.269507,211.49314859999998,172.12543580000002,36.375613200000004,234.6571718,324.5868686,140.04087159999997,358.25526240000005,114.8485454,294.17002679999996,46.3819476,108.98118699999999,164.4051648,180.00360799999999,154.1329576,352.787853,289.6036436,54.99995,198.7020378,91.553487,227.1487032,162.9488218,131.6677042,335.8444178,81.7287942,200.01391260000003,170.9451884,186.1976684,225.5954574,111.03550999999999,144.9296468,117.12827300000001
Burgos,48.4160788,192.55545820000003,248.9918978,296.453303,99.4586098,97.8349888,226.1364952,238.01289300000002,57.6798804,0.0,186.1268702,326.3558884,59.7241498,192.5858728,178.4504468,240.6054666,190.7302576,135.5919214,84.75147760000002,257.586329,274.4119082,93.12016580000001,300.7100504,129.909161,243.0566976,49.980224199999995,74.596788,175.1853772,154.59035640000002,102.0544782,299.91319339999995,253.82694099999998,84.37822539999999,163.359755,37.0811418,194.0014938,106.7252844,75.6994784,279.0723224,57.659942400000006,206.8728642,148.13431020000002,132.5620562,202.5857022,54.5598712,92.2126346,117.26294140000002
Cáceres,232.2366938,187.4854644,250.65911260000001,214.8023196,207.44811900000002,92.5155116,40.080677,359.9969086,243.6687028,186.1268702,0.0,156.4390436,235.0207088,260.0745642,103.8233288,107.23920240000001,222.0885092,176.0593682,268.7627726,393.13136180000004,168.1308434,144.065794,120.2256416,278.2987828,140.4066882,223.81984799999998,168.9141828,304.3444852,193.6219058,120.084299,167.5762034,231.110263,259.31766780000004,163.3157382,153.695243,181.6347492,84.2332496,120.2219238,111.8864374,198.9345396,320.8714974,219.31420939999998,98.0530424,245.70967740000003,133.3186142,110.69317999999998,250.06425819999998
Cádiz,366.5907488,227.7003022,263.3020374,163.74229939999998,363.24508119999996,228.9378302,127.9691454,434.1569126,383.0266864,326.3558884,156.4390436,0.0,381.7494516,318.8407456,163.87756000000002,96.4293368,373.282507,256.0863922,400.96543260000004,473.32963540000003,119.5054956,253.6213898,47.6264036,383.4840852,124.5765046,352.5393002,323.60811620000004,392.60654420000003,347.9968266,233.13391760000002,80.682623,231.4531006,384.11957700000005,314.9938316,299.9603358,327.94926399999997,237.0245946,251.37224600000002,47.350138799999996,319.4826578,395.82143039999994,295.7905222,200.42721,292.60638900000004,279.5969708,265.1412632,351.9236618
Santander,54.8756736,249.6911752,302.7646272,355.88479859999995,78.68203199999999,153.0765636,274.19351620000003,259.34799780000003,35.8104966,59.7241498,235.0207088,381.7494516,0.0,237.52203860000003,237.84172800000002,298.7393664,176.9534664,191.6580652,70.8000574,270.4375076,334.0655136,152.35388419999998,353.15755659999996,149.95013400000002,302.60638759999995,75.0774196,82.46135799999999,199.3913462,146.8901926,161.6952428,358.9078204,310.2826418,90.6157104,168.66563,82.0680832,195.8006744,151.31852800000001,133.9710876,334.40860499999997,104.4588206,234.6542154,197.0583942,191.6949848,252.1789874,102.6162154,128.7325468,149.52585240000002
Castelló de la Plana/Castellón de la Plana,184.6205976,91.18369880000002,89.03171160000001,195.2727312,291.7356928,192.0886826,290.28256,116.0052216,208.3794752,192.5858728,260.0745642,318.8407456,237.52203860000003,0.0,168.08691119999997,225.2663066,376.89328600000005,85.2186762,193.2587072,156.25410720000002,210.094763,131.3184462,321.21771440000003,115.39009080000001,194.8996482,162.92922220000003,260.770293,90.52826900000001,339.253871,149.9864614,251.5639412,115.5182542,163.4734702,336.7122422,209.78825279999998,367.47192160000003,233.1075592,172.8485382,282.7613352,135.63551520000001,79.5528128,47.4011682,162.54540880000002,30.719888,208.23492240000002,243.3933686,94.8994084
Ciudad Real,211.20100200000002,85.56489320000001,146.9168894,129.3074632,244.6673086,94.2064668,125.7634262,278.4538968,230.7970786,178.4504468,103.8233288,163.87756000000002,237.84172800000002,168.08691119999997,0.0,68.224973,293.43720920000004,93.78311579999999,243.04655939999998,315.7232698,97.1423856,92.9022814,156.0592018,219.623676,65.0639034,194.36139760000003,202.94915459999999,231.3523108,258.4671634,76.7756412,121.990859,127.9056136,223.2720514,238.2786812,162.5623904,263.7330778,126.6882774,104.69782740000001,120.92525739999999,158.9913182,239.14625180000002,136.0155262,46.4595046,148.3388462,145.33289059999998,152.7405694,188.1005106
Córdoba,276.8936384,135.050376,181.09987800000002,112.14208740000001,293.9549296,147.2326918,105.4672262,339.5161106,295.269507,240.6054666,107.23920240000001,96.4293368,298.7393664,225.2663066,68.224973,0.0,325.7741286,159.65714,309.81924560000004,378.1477956,62.3304102,160.2522482,97.38426419999999,287.3740148,41.829420400000004,261.10028980000004,252.3538702,296.372705,294.3987262,141.7823486,63.7226292,152.80477800000003,291.00253680000003,267.518655,219.3482572,288.0097604,167.5925928,164.9804196,57.6230228,226.4931042,300.7771308,199.7012358,109.20008659999999,200.8339178,200.09079280000003,196.23450200000002,255.7532698
A Coruña,223.61176340000003,349.5597876,414.78184600000003,422.0117702,98.49743120000001,205.0274718,245.3133616,427.7374476,211.49314859999998,190.7302576,222.0885092,373.282507,176.9534664,376.89328600000005,293.43720920000004,325.7741286,0.0,303.641913,247.5254166,443.9179044,382.0820664,252.3509984,329.98669000000007,318.1037026,350.8445426,236.55401659999998,117.06786679999999,365.23266220000005,37.7742526,243.171428,388.4334358,408.991537,263.3997016,58.789414199999996,167.18926439999998,50.8438232,166.99723079999998,211.63761680000002,332.22611859999995,247.17261000000002,397.5628228,329.9231582,254.8084806,380.404375,170.10786320000003,143.5711372,307.9794276
Cuenca,148.6319234,58.5376512,114.3174766,172.52563859999998,228.15423700000002,108.4397262,208.3260816,186.6616568,172.12543580000002,135.5919214,176.0593682,256.0863922,191.6580652,85.2186762,93.78311579999999,159.65714,303.641913,0.0,172.36418880000002,222.760836,165.8008478,51.318372800000006,249.7180412,129.3949046,140.716324,127.44796099999999,191.72514560000002,137.5694488,265.9181822,65.85400159999999,202.07507900000002,118.631843,146.83595300000002,258.5005344,140.7164086,288.5646542,150.22910140000002,92.8989866,214.50569380000002,90.4976006,147.20574120000003,43.7892894,78.02998160000001,78.48999839999999,133.73241919999998,163.95418640000003,97.7640214
Donostia/San Sebastián,36.671562200000004,229.778281,271.0964014,344.77873020000004,149.052318,177.4851274,308.8369446,193.1137314,36.375613200000004,84.75147760000002,268.7627726,400.96543260000004,70.8000574,193.2587072,243.04655939999998,309.81924560000004,247.5254166,172.36418880000002,0.0,200.8611222,332.93942119999997,150.17874880000002,379.55648859999997,87.84149520000001,303.96455879999996,48.7255454,144.6640278,136.7050884,216.3523552,168.2620478,364.197306,285.5853954,29.8148902,234.808991,121.3888228,263.44338000000005,191.3622008,151.4765984,354.2977588,84.8591954,173.00931119999998,161.9238576,201.0526482,214.3476234,139.26065780000002,176.2379688,98.52049480000001
Girona,220.3233764,246.7186752,235.18190479999998,348.793176,346.1704416,308.1848096,428.57494199999996,40.955090999999996,234.6571718,257.586329,393.13136180000004,473.32963540000003,270.4375076,156.25410720000002,315.7232698,378.1477956,443.9179044,222.760836,200.8611222,0.0,366.3455754,249.5027748,471.66867179999997,127.7743246,350.3871438,208.5710012,331.44658160000006,89.19628699999998,409.8530256,273.2519372,407.784762,266.4359026,180.7801886,420.93907140000005,290.3166924,451.5678002,341.920876,281.8496632,434.90975280000004,209.4489638,77.5251866,179.717628,297.0849078,185.5143574,299.39150140000004,340.4812608,147.54198920000002
Granada,303.6080344,121.1166988,144.90252700000002,51.1463618,340.8845046,190.46759500000002,167.5659806,325.9420834,324.5868686,274.4119082,168.1308434,119.5054956,334.0655136,210.094763,97.1423856,62.3304102,382.0820664,165.8008478,332.93942119999997,366.3455754,0.0,184.58359339999998,141.7853896,294.1832906,32.3804286,285.0003408,299.045369,292.6430548,349.0422364,172.37052459999998,42.2123878,112.4310238,310.10471800000005,324.6443184,259.7046914,346.8329686,218.59178379999997,201.7220186,101.876216,248.09754580000003,289.401641,197.38762960000003,143.54781979999998,181.3016268,242.306983,246.27132999999998,262.8820658
Guadalajara,119.1693322,102.108041,163.96449379999999,203.5440936,179.2538934,61.7723062,181.0423436,217.8283824,140.04087159999997,93.12016580000001,144.065794,253.6213898,152.35388419999998,131.3184462,92.9022814,160.2522482,252.3509984,51.318372800000006,150.17874880000002,249.5027748,184.58359339999998,0.0,237.8015136,135.9518252,154.5162634,101.5466422,141.452944,160.4677684,214.6439108,24.048321599999998,214.16953039999999,163.7496504,130.8002182,207.52542219999998,91.20051120000001,237.8011752,101.8899028,41.9938266,208.0867364,66.2409406,179.391349,84.5934918,53.970845000000004,129.1596156,82.62610260000001,113.1510852,106.4761394
Huelva,343.9515432,231.96042900000003,277.4586704,191.24426019999999,327.24348160000005,203.06337740000004,86.1669294,433.9751864,358.25526240000005,300.7100504,120.2256416,47.6264036,353.15755659999996,321.21771440000003,156.0592018,97.38426419999999,329.98669000000007,249.7180412,379.55648859999997,471.66867179999997,141.7853896,237.8015136,0.0,372.2262822,135.77330919999997,332.09550640000003,289.12926319999997,387.23688360000006,306.5507966,215.3028046,111.224418,247.78444600000003,365.602535,272.3040224,271.1400798,283.42690319999997,203.9780058,228.107433,40.9446144,301.66514700000005,394.8190222,292.021419,183.87029080000002,297.7612908,250.57843000000003,230.907922,341.2983942
Huesca,96.2373878,176.899819,201.58768859999998,293.853886,221.6143826,188.20831299999998,316.37591240000006,110.0906362,114.8485454,129.909161,278.2987828,383.4840852,149.95013400000002,115.39009080000001,219.623676,287.3740148,318.1037026,129.3949046,87.84149520000001,127.7743246,294.1832906,135.9518252,372.2262822,0.0,270.0743936,81.59091559999999,204.08910300000002,49.573431799999994,283.194909,159.7551426,331.37578340000005,222.7204524,60.3129222,293.21180460000005,162.69342559999998,323.90744459999996,217.92241339999998,160.6123212,339.9672582,83.6080652,85.5076972,99.438841,188.9844706,141.84630339999998,172.7033932,213.92072380000002,31.694837999999997
Jaén,273.68247,103.76968140000001,141.788769,74.3982494,308.5042452,158.0935868,145.0605128,310.68994180000004,294.17002679999996,243.0566976,140.4066882,124.5765046,302.60638759999995,194.8996482,65.0639034,41.829420400000004,350.8445426,140.716324,303.96455879999996,350.3871438,32.3804286,154.5162634,135.77330919999997,270.0743936,0.0,255.6596618,266.6679814,272.6939178,317.40772000000004,141.0357596,61.419161200000005,112.14208740000001,282.119,293.769824,227.545865,316.681915,186.5701592,169.7582668,94.8754988,219.1464238,272.9058048,176.0560734,111.5233234,168.10701840000002,210.0071524,214.0888478,238.4736712
Logroño,22.168543,185.78715820000002,232.7242534,298.8067006,140.706355,131.5502712,263.746257,191.2612418,46.3819476,49.980224199999995,223.81984799999998,352.5393002,75.0774196,162.92922220000003,194.36139760000003,261.10028980000004,236.55401659999998,127.44796099999999,48.7255454,208.5710012,285.0003408,101.5466422,332.09550640000003,81.59091559999999,255.6596618,0.0,122.8885904,129.0959992,201.6246928,119.6204798,315.6733402,243.91750940000003,36.2474498,212.8278332,85.7970566,243.224737,150.62913500000002,104.6100476,306.01575619999994,37.3637424,162.82462999999998,124.5800532,152.4180928,179.31776360000003,100.0877658,140.2220902,75.12084420000001
León,113.98807200000002,242.7141138,305.39716139999996,331.0025312,41.856286399999995,108.759331,205.31953380000002,312.60317599999996,108.98118699999999,74.596788,168.9141828,323.60811620000004,82.46135799999999,260.770293,202.94915459999999,252.3538702,117.06786679999999,191.72514560000002,144.6640278,331.44658160000006,299.045369,141.452944,289.12926319999997,204.08910300000002,266.6679814,122.8885904,0.0,249.7820806,80.251921,137.80110460000003,315.7131316,303.97512,153.7995814,90.7704014,51.415529400000004,120.5988092,86.7523224,104.6401238,277.17285960000004,130.171739,281.22076100000004,214.2404132,158.1744386,266.2513046,60.238744600000004,58.4866218,191.6144714
Lleida,145.2892122,171.59056460000002,179.3916028,283.68584799999996,269.7820778,219.0185142,340.3234442,62.905242,164.4051648,175.1853772,304.3444852,392.60654420000003,199.3913462,90.52826900000001,231.3523108,296.372705,365.23266220000005,137.5694488,136.7050884,89.19628699999998,292.6430548,160.4677684,387.23688360000006,49.573431799999994,272.6939178,129.0959992,249.7820806,0.0,329.6375166,184.31467959999998,332.5294186,205.733508,109.84858840000001,337.273218,205.28582440000002,368.2523892,253.316064,192.835187,351.9408972,122.8281842,36.371641600000004,96.92686540000001,209.1633222,120.9012632,212.55587839999998,253.3055028,59.74113139999999
Lugo,190.0675614,312.3270804,377.3271136,387.52607379999995,68.8202504,168.46675299999998,220.65590659999998,392.3477686,180.00360799999999,154.59035640000002,193.6219058,347.9968266,146.8901926,339.253871,258.4671634,294.3987262,37.7742526,265.9181822,216.3523552,409.8530256,349.0422364,214.6439108,306.5507966,283.194909,317.40772000000004,201.6246928,80.251921,329.6375166,0.0,205.864374,357.6667438,372.0753936,230.10092680000002,37.7905574,129.6805462,52.4885666,131.7821808,174.08893799999998,305.17522080000003,210.38040460000002,361.4062784,292.23009579999996,218.6115526,342.6301224,132.3402848,107.01092600000001,271.7894276
Madrid,135.138325,106.4830674,171.7320764,196.7385356,177.88490720000001,42.6026216,157.0043294,241.052558,154.1329576,102.0544782,120.084299,233.13391760000002,161.6952428,149.9864614,76.7756412,141.7823486,243.171428,65.85400159999999,168.2620478,273.2519372,172.37052459999998,24.048321599999998,215.3028046,159.7551426,141.0357596,119.6204798,137.80110460000003,184.31467959999998,205.864374,0.0,198.7189348,166.8596906,151.1498964,194.9030276,90.9820346,224.3617318,84.532578,33.1644448,186.9537188,86.6613324,202.3471184,104.6100476,32.7976976,144.05540200000002,77.5653164,100.5553028,130.49108999999999
Málaga,333.03717000000006,161.62098060000002,186.77587960000002,83.076658,357.4016324,209.4017368,156.9471334,367.5321586,352.787853,299.91319339999995,167.5762034,80.682623,358.9078204,251.5639412,121.990859,63.7226292,388.4334358,202.07507900000002,364.197306,407.784762,42.2123878,214.16953039999999,111.224418,331.37578340000005,61.419161200000005,315.6733402,315.7131316,332.5294186,357.6667438,198.7189348,0.0,154.0385882,343.0001644,329.919525,281.0360784,349.21052960000003,231.2950302,224.9902956,75.7734868,279.559882,330.629279,236.3993256,167.3538398,223.12403460000002,262.2668504,259.90939660000004,299.80851659999996
Murcia,265.6966646,61.660955200000004,33.217753800000004,82.8853012,342.8119332,204.09932579999997,247.50860419999998,225.4814884,289.6036436,253.82694099999998,231.110263,231.4531006,310.2826418,115.5182542,127.9056136,152.80477800000003,408.991537,118.631843,285.5853954,266.4359026,112.4310238,163.7496504,247.78444600000003,222.7204524,112.14208740000001,243.91750940000003,303.97512,205.733508,372.0753936,166.8596906,154.0385882,0.0,257.6297536,357.7345856,254.74452580000002,385.4414208,244.1157942,199.7215122,206.84304180000004,207.95587039999998,192.952197,125.3464956,155.565391,84.8823436,243.91117359999998,265.44422480000003,195.3299272
Pamplona/Iruña,40.06378,203.1844436,242.15237660000003,319.2776988,165.4105294,166.8492986,299.12596700000006,168.7962422,54.99995,84.37822539999999,259.31766780000004,384.11957700000005,90.6157104,163.4734702,223.2720514,291.00253680000003,263.3997016,146.83595300000002,29.8148902,180.7801886,310.10471800000005,130.8002182,365.602535,60.3129222,282.119,36.2474498,153.7995814,109.84858840000001,230.10092680000002,151.1498964,343.0001644,257.6297536,0.0,244.5228404,121.09270460000002,274.33105639999997,186.876331,139.4725448,338.09761779999997,64.6473958,145.8035532,133.16122059999998,183.72269699999998,184.916462,136.1634584,175.9316278,68.7056046
Ourense,204.75821960000002,299.9333006,366.1335192,365.8281088,95.62538260000001,154.213471,187.0818822,400.158945,198.7020378,163.359755,163.3157382,314.9938316,168.66563,336.7122422,238.2786812,267.518655,58.789414199999996,258.5005344,234.808991,420.93907140000005,324.6443184,207.52542219999998,272.3040224,293.21180460000005,293.769824,212.8278332,90.7704014,337.273218,37.7905574,194.9030276,329.919525,357.7345856,244.5228404,0.0,132.2294414,31.140282600000003,113.6486138,165.6256266,273.5346224,215.0744436,366.967465,289.31124320000004,202.29043000000001,336.684784,128.9477286,94.5929828,278.0302074
Palencia,85.37311340000001,193.17793999999998,254.7484128,287.3742686,88.0804174,72.2359548,193.3019626,268.1142708,91.553487,37.0811418,153.695243,299.9603358,82.0680832,209.78825279999998,162.5623904,219.3482572,167.18926439999998,140.7164086,121.3888228,290.3166924,259.7046914,91.20051120000001,271.1400798,162.69342559999998,227.545865,85.7970566,51.415529400000004,205.28582440000002,129.6805462,90.9820346,281.0360784,254.74452580000002,121.09270460000002,132.2294414,0.0,163.32604560000001,71.46638680000001,58.6247542,252.6466936,82.84500220000001,234.7547514,163.03009659999998,116.2276698,214.83585979999998,20.5616498,55.134195399999996,145.86134140000001
Pontevedra,234.4053242,328.521224,394.9503958,389.73153920000004,119.653597,183.00280479999998,200.4242536,431.1507878,227.1487032,194.0014938,181.6347492,327.94926399999997,195.8006744,367.47192160000003,263.7330778,288.0097604,50.8438232,288.5646542,263.44338000000005,451.5678002,346.8329686,237.8011752,283.42690319999997,323.90744459999996,316.681915,243.224737,120.5988092,368.2523892,52.4885666,224.3617318,349.21052960000003,385.4414208,274.33105639999997,31.140282600000003,163.32604560000001,0.0,141.62089880000002,195.82711740000002,288.7801744,246.1672454,398.07741760000005,320.0710918,229.8859988,366.8973436,159.9703244,124.6573564,309.0822026
Salamanca,154.77867220000002,186.9305706,253.433497,255.7874022,127.39752380000002,42.05811979999999,122.9219614,314.12955580000005,162.9488218,106.7252844,84.2332496,237.0245946,151.31852800000001,233.1075592,126.6882774,167.5925928,166.99723079999998,150.22910140000002,191.3622008,341.920876,218.59178379999997,101.8899028,203.9780058,217.92241339999998,186.5701592,150.62913500000002,86.7523224,253.316064,131.7821808,84.532578,231.2950302,244.1157942,186.876331,113.6486138,71.46638680000001,141.62089880000002,0.0,61.745440200000004,190.4539082,134.3745852,277.149373,186.4767204,88.6449418,228.57437779999998,52.1758052,28.786462,194.4019504
Segovia,115.91135980000001,138.9106384,203.2756028,228.7766342,144.8016526,27.915427400000002,159.7954416,252.9293788,131.6677042,75.6994784,120.2219238,251.37224600000002,133.9710876,172.8485382,104.69782740000001,164.9804196,211.63761680000002,92.8989866,151.4765984,281.8496632,201.7220186,41.9938266,228.107433,160.6123212,169.7582668,104.6100476,104.6401238,192.835187,174.08893799999998,33.1644448,224.9902956,199.7215122,139.4725448,165.6256266,58.6247542,195.82711740000002,61.745440200000004,0.0,204.23044560000002,79.00450860000001,215.6153968,125.7365602,58.2444894,171.086108,44.4013792,71.1700148,134.84533240000002
Sevilla,319.67401459999996,192.6733988,236.6243918,152.16903240000002,317.22008100000005,181.5944502,89.01498380000001,396.6013058,335.8444178,279.0723224,111.8864374,47.350138799999996,334.40860499999997,282.7613352,120.92525739999999,57.6230228,332.22611859999995,214.50569380000002,354.2977588,434.90975280000004,101.876216,208.0867364,40.9446144,339.9672582,94.8754988,306.01575619999994,277.17285960000004,351.9408972,305.17522080000003,186.9537188,75.7734868,206.84304180000004,338.09761779999997,273.5346224,252.6466936,288.7801744,190.4539082,204.23044560000002,0.0,273.54425299999997,357.69082260000005,255.77692559999997,154.4387064,258.4535612,232.30681520000002,218.79623519999998,308.6151732
Soria,58.1374484,148.9947836,198.5881534,261.453181,157.0952348,106.9198514,238.1575304,185.49805260000002,81.7287942,57.659942400000006,198.9345396,319.4826578,104.4588206,135.63551520000001,158.9913182,226.4931042,247.17261000000002,90.4976006,84.8591954,209.4489638,248.09754580000003,66.2409406,301.66514700000005,83.6080652,219.1464238,37.3637424,130.171739,122.8281842,210.38040460000002,86.6613324,279.559882,207.95587039999998,64.6473958,215.0744436,82.84500220000001,246.1672454,134.3745852,79.00450860000001,273.54425299999997,0.0,151.940333,92.9090402,119.1222744,148.0059776,89.9796264,131.032297,63.164440600000006
Tarragona,180.15170940000002,169.31109080000002,163.393126,274.190306,303.34925880000003,240.2663468,354.90984860000003,39.458618200000004,200.01391260000003,206.8728642,320.8714974,395.82143039999994,234.6542154,79.5528128,239.14625180000002,300.7771308,397.5628228,147.20574120000003,173.00931119999998,77.5251866,289.401641,179.391349,394.8190222,85.5076972,272.9058048,162.82462999999998,281.22076100000004,36.371641600000004,361.4062784,202.3471184,330.629279,192.952197,145.8035532,366.967465,234.7547514,398.07741760000005,277.149373,215.6153968,357.69082260000005,151.940333,0.0,103.56776339999999,223.47413859999997,109.6507266,240.0373936,279.9705614,89.6171892
Teruel,146.7420912,77.8142076,109.20008659999999,194.42890100000002,246.4699532,146.00251480000003,252.06856700000003,143.0165818,170.9451884,148.13431020000002,219.31420939999998,295.7905222,197.0583942,47.4011682,136.0155262,199.7012358,329.9231582,43.7892894,161.9238576,179.717628,197.38762960000003,84.5934918,292.021419,99.438841,176.0560734,124.5800532,214.2404132,96.92686540000001,292.23009579999996,104.6100476,236.3993256,125.3464956,133.16122059999998,289.31124320000004,163.03009659999998,320.0710918,186.4767204,125.7365602,255.77692559999997,92.9090402,103.56776339999999,0.0,121.29504560000001,55.124649399999996,160.9013422,196.0597884,70.3261
Toledo,167.7173768,100.04417199999999,166.6410448,172.8280926,199.6137944,50.5417922,131.56057859999999,262.7809376,186.1976684,132.5620562,98.0530424,200.42721,191.6949848,162.54540880000002,46.4595046,109.20008659999999,254.8084806,78.02998160000001,201.0526482,297.0849078,143.54781979999998,53.970845000000004,183.87029080000002,188.9844706,111.5233234,152.4180928,158.1744386,209.1633222,218.6115526,32.7976976,167.3538398,155.565391,183.72269699999998,202.29043000000001,116.2276698,229.8859988,88.6449418,58.2444894,154.4387064,119.1222744,223.47413859999997,121.29504560000001,0.0,150.53789120000002,99.4954448,111.6346744,158.64518579999998
Valencia,201.4392488,65.81074620000001,59.882051000000004,164.69089100000002,300.05783080000003,186.64121120000001,273.1643266,144.84583859999998,225.5954574,202.5857022,245.70967740000003,292.60638900000004,252.1789874,30.719888,148.3388462,200.8339178,380.404375,78.48999839999999,214.3476234,185.5143574,181.3016268,129.1596156,297.7612908,141.84630339999998,168.10701840000002,179.31776360000003,266.2513046,120.9012632,342.6301224,144.05540200000002,223.12403460000002,84.8823436,184.916462,336.684784,214.83585979999998,366.8973436,228.57437779999998,171.086108,258.4535612,148.0059776,109.6507266,55.124649399999996,150.53789120000002,0.0,210.3368108,242.2431974,117.85162920000002
Valladolid,102.747589,182.83121680000002,246.33215919999998,271.947498,100.6826202,52.894936,173.0363464,274.92979779999996,111.03550999999999,54.5598712,133.3186142,279.5969708,102.6162154,208.23492240000002,145.33289059999998,200.09079280000003,170.10786320000003,133.73241919999998,139.26065780000002,299.39150140000004,242.306983,82.62610260000001,250.57843000000003,172.7033932,210.0071524,100.0877658,60.238744600000004,212.55587839999998,132.3402848,77.5653164,262.2668504,243.91117359999998,136.1634584,128.9477286,20.5616498,159.9703244,52.1758052,44.4013792,232.30681520000002,89.9796264,240.0373936,160.9013422,99.4954448,210.3368108,0.0,41.2203716,152.8150008
Zamora,140.45721,206.4027092,272.1891228,282.0449916,98.6785652,61.4863262,147.9693964,315.440923,144.9296468,92.2126346,110.69317999999998,265.1412632,128.7325468,243.3933686,152.7405694,196.23450200000002,143.5711372,163.95418640000003,176.2379688,340.4812608,246.27132999999998,113.1510852,230.907922,213.92072380000002,214.0888478,140.2220902,58.4866218,253.3055028,107.01092600000001,100.5553028,259.90939660000004,265.44422480000003,175.9316278,94.5929828,55.134195399999996,124.6573564,28.786462,71.1700148,218.79623519999998,131.032297,279.9705614,196.0597884,111.6346744,242.2431974,41.2203716,0.0,193.6046704
Zaragoza,94.747843,146.721561,176.577004,263.995402,214.45931280000002,161.79560959999998,287.48857599999997,122.333612,117.12827300000001,117.26294140000002,250.06425819999998,351.9236618,149.52585240000002,94.8994084,188.1005106,255.7532698,307.9794276,97.7640214,98.52049480000001,147.54198920000002,262.8820658,106.4761394,341.2983942,31.694837999999997,238.4736712,75.12084420000001,191.6144714,59.74113139999999,271.7894276,130.49108999999999,299.80851659999996,195.3299272,68.7056046,278.0302074,145.86134140000001,309.0822026,194.4019504,134.84533240000002,308.6151732,63.164440600000006,89.6171892,70.3261,158.64518579999998,117.85162920000002,152.8150008,193.6046704,0.0
