orden,capital
1,Vitoria-Gasteiz
2,Soria
3,Guadalajara
4,Cuenca
5,Tarragona
6,Barcelona
7,Huesca
8,Alacant/Alicante
9,Logroño
10,Burgos
11,Palencia
12,Zamora
13,Huelva
14,Badajoz
15,Sevilla
16,Málaga
17,Madrid
18,Toledo
19,Salamanca
20,Valladolid
21,Segovia
22,Ourense
23,Ávila
24,Santander
25,Oviedo
26,León
27,Pontevedra
28,A Coruña
29,Lugo
30,Donostia/San Sebastián
31,Pamplona/Iruña
32,Teruel
33,Lleida
34,Girona
35,Valencia
36,Cáceres
37,Cádiz
38,Castelló de la Plana/Castellón de la Plana
39,Murcia
40,Almería
41,Jaén
42,Granada
43,Albacete
44,Ciudad Real
45,Córdoba
46,Bilbao
47,Zaragoza
48,Vitoria-Gasteiz
