ciudad,Almería,Cádiz,Córdoba,Granada,Huelva,Jaén,Málaga,Sevilla,Huesca,Teruel,Zaragoza,Oviedo,Santander,Albacete,Ciudad Real,Cuenca,Guadalajara,Toledo,Ávila,Burgos,León,Palencia,Salamanca,Segovia,Soria,Valladolid,Zamora,Barcelona,Girona,Lleida,Tarragona,Alicante,Castellón de la Plana,Valencia,Badajoz,Cáceres,A Coruña,Lugo,Ourense,Pontevedra,Madrid,Murcia,Pamplona,Logroño,Bilbao,San Sebastián,Vitoria-Gasteiz
Almería,0.00,342.77,235.84,107.76,400.47,157.19,174.81,318.22,615.74,407.88,552.26,780.67,745.83,246.01,271.44,360.99,426.79,363.32,466.49,621.70,693.66,602.15,536.73,478.53,548.48,569.99,591.22,644.83,730.10,594.44,574.12,242.38,408.68,345.26,456.31,450.54,884.27,812.15,766.72,816.51,412.68,174.48,668.43,625.88,715.99,722.19,668.82
Cádiz,342.77,0.00,201.91,250.02,100.35,261.96,168.02,99.59,802.85,619.46,735.54,760.86,799.44,476.27,343.15,535.09,531.01,420.23,479.90,683.93,677.95,628.11,497.00,526.11,668.67,585.63,555.31,908.57,990.43,821.72,828.05,551.05,666.48,612.54,268.36,327.91,781.21,728.91,659.88,686.83,487.49,484.59,803.65,737.61,801.59,839.44,767.65
Córdoba,235.84,201.91,0.00,130.73,203.15,88.17,133.56,119.75,601.53,418.34,534.11,615.24,625.17,282.54,142.74,333.18,335.27,229.01,307.92,503.92,528.03,458.76,351.00,344.51,473.84,418.58,410.41,710.53,791.29,620.27,629.17,379.42,470.71,420.67,220.51,224.19,681.34,615.97,559.71,602.37,296.06,320.16,608.43,545.90,617.57,648.26,579.50
Granada,107.76,250.02,130.73,0.00,296.42,68.96,88.98,212.39,615.57,413.24,548.92,713.59,699.09,253.00,203.03,345.82,386.06,300.93,398.04,574.56,625.74,543.18,457.82,421.02,519.26,506.90,515.24,682.00,766.29,612.34,605.20,303.25,438.83,379.43,350.76,351.87,799.49,730.50,679.45,725.68,360.33,235.58,648.26,595.89,679.03,696.47,635.32
Huelva,400.47,100.35,203.15,296.42,0.00,284.55,232.00,86.08,778.61,610.97,712.61,684.60,738.74,484.73,326.14,521.17,497.16,384.68,425.16,629.45,604.97,566.98,426.93,476.86,630.44,524.08,482.78,907.56,986.42,809.80,825.34,580.40,670.87,622.89,179.93,251.18,689.66,641.29,569.67,592.83,449.25,518.34,764.17,694.01,748.84,793.89,719.47
Jaén,157.19,261.96,88.17,68.96,284.55,0.00,130.47,198.62,563.70,367.23,496.36,644.64,631.89,215.48,134.59,291.87,321.71,232.59,329.08,507.58,556.79,474.60,389.76,352.84,457.15,438.05,446.81,648.76,731.63,569.18,569.34,295.99,405.71,350.68,303.58,293.36,733.24,663.33,613.98,661.80,293.33,234.12,588.25,533.03,613.93,634.40,571.27
Málaga,174.81,168.02,133.56,88.98,232.00,130.47,0.00,157.33,693.93,495.44,626.67,748.25,751.36,338.36,255.40,422.22,448.36,351.01,438.15,628.28,660.84,588.09,484.52,470.20,585.37,548.92,543.88,769.63,853.62,696.35,692.06,391.52,526.20,467.57,328.23,350.58,812.56,748.54,690.44,730.57,415.63,323.34,717.54,660.44,738.31,762.32,697.28
Sevilla,318.22,99.59,119.75,212.39,86.08,198.62,157.33,0.00,711.14,535.04,644.25,664.19,699.87,402.29,252.59,447.41,435.10,323.35,380.32,584.45,580.37,528.62,399.15,426.94,571.88,486.19,457.94,829.25,909.38,735.92,747.54,494.58,590.24,540.40,186.81,234.42,695.19,639.05,572.92,604.71,390.21,432.27,706.76,639.67,702.31,741.22,668.91
Huesca,615.74,802.85,601.53,615.57,778.61,563.70,693.93,711.14,0.00,207.89,67.56,464.42,313.98,370.59,459.74,271.90,284.63,395.31,392.68,271.59,426.75,340.32,456.09,335.44,176.15,361.25,447.87,229.57,267.26,103.11,178.26,422.02,241.35,296.93,662.41,582.64,667.12,593.04,613.92,677.97,335.41,465.29,126.02,171.25,241.23,183.45,201.46
Teruel,407.88,619.46,418.34,413.24,610.97,367.23,495.44,535.04,207.89,0.00,146.05,516.34,412.45,163.46,284.93,92.74,177.14,254.14,304.25,310.03,448.10,340.94,390.57,261.85,195.47,336.56,410.49,298.75,375.61,202.50,215.94,228.84,98.16,115.59,528.01,459.37,691.42,611.90,605.77,669.94,220.13,261.69,277.95,260.53,358.03,338.39,307.04
Zaragoza,552.26,735.54,534.11,548.92,712.61,496.36,626.67,644.25,67.56,146.05,0.00,448.90,312.85,306.39,392.51,204.50,221.67,330.58,336.14,244.55,399.94,304.20,405.80,280.18,132.63,318.64,404.34,256.21,309.67,125.47,187.50,368.98,197.84,246.12,600.70,522.32,645.14,568.45,581.29,646.09,272.94,407.12,143.61,157.13,245.72,206.11,198.16
Oviedo,780.67,760.86,615.24,713.59,684.60,644.64,748.25,664.19,464.42,516.34,448.90,0.00,165.12,589.21,512.51,478.27,375.70,417.45,315.86,208.77,87.86,185.06,266.34,304.79,328.04,211.23,206.77,693.92,725.01,564.60,634.71,717.28,610.27,628.65,507.13,434.31,207.12,143.85,199.93,250.07,372.46,717.20,346.74,294.68,236.04,312.84,264.24
Santander,745.83,799.44,625.17,699.09,738.74,631.89,751.36,699.87,313.98,412.45,312.85,165.12,0.00,522.89,497.97,401.84,319.06,400.65,320.19,124.70,172.10,171.88,316.36,281.22,217.74,214.75,269.56,542.07,566.07,416.81,490.52,633.91,496.56,528.02,574.07,492.00,371.81,307.65,353.14,409.80,338.76,648.70,189.87,157.13,74.12,148.63,114.94
Albacete,246.01,476.27,282.54,253.00,484.73,215.48,338.36,402.29,370.59,163.46,306.39,589.21,522.89,0.00,178.81,122.02,213.74,209.81,303.76,403.41,507.91,404.16,391.56,289.33,312.71,382.55,432.04,433.30,516.40,359.49,354.30,139.68,190.31,138.18,442.29,392.39,732.16,653.93,627.92,687.52,223.46,128.17,424.94,388.82,483.13,480.92,433.77
Ciudad Real,271.44,343.15,142.74,203.03,326.14,134.59,255.40,252.59,459.74,284.93,392.51,512.51,497.97,178.81,0.00,195.29,194.43,98.01,196.72,374.02,424.87,340.15,265.72,218.28,332.75,304.21,319.78,582.50,660.51,484.05,499.97,307.54,350.75,310.58,263.49,217.54,614.44,541.24,498.98,552.03,160.38,267.25,466.78,406.38,482.91,508.63,442.18
Cuenca,360.99,535.09,333.18,345.82,521.17,291.87,422.22,447.41,271.90,92.74,204.50,478.27,401.84,122.02,195.29,0.00,107.34,162.70,225.20,284.47,401.22,294.45,314.37,192.84,190.78,279.75,343.07,391.22,466.91,288.76,308.40,239.09,177.86,164.66,435.41,367.90,636.24,556.82,541.10,603.77,138.41,246.90,307.65,267.25,361.12,361.38,311.90
Guadalajara,426.79,531.01,335.27,386.06,497.16,321.71,448.36,435.10,284.63,177.14,221.67,375.70,319.06,213.74,194.43,107.34,0.00,112.54,127.84,195.31,295.93,190.69,213.45,86.47,138.58,172.80,236.93,455.40,521.99,335.52,374.77,343.23,273.77,270.43,379.09,301.64,528.93,449.54,434.59,497.73,51.35,341.89,273.26,212.15,293.08,314.27,249.57
Toledo,363.32,420.23,229.01,300.93,384.68,232.59,351.01,323.35,395.31,254.14,330.58,417.45,400.65,209.81,98.01,162.70,112.54,0.00,104.27,277.27,330.33,242.39,185.32,120.30,248.57,207.47,233.01,549.55,621.47,437.38,467.09,349.41,339.30,315.52,275.61,205.29,533.01,457.09,422.96,480.51,67.46,325.62,383.51,317.98,388.84,420.19,350.55
Ávila,466.49,479.90,307.92,398.04,425.16,329.08,438.15,380.32,392.68,304.25,336.14,315.86,320.19,303.76,196.72,225.20,127.84,104.27,0.00,204.78,228.16,151.00,89.68,57.80,221.78,110.80,129.76,580.25,643.42,456.60,500.73,442.58,399.52,389.38,278.03,194.79,430.60,353.81,324.17,384.25,86.84,425.44,347.72,273.80,323.82,370.67,295.15
Burgos,621.70,683.93,503.92,574.56,629.45,507.58,628.28,584.45,271.59,310.03,244.55,208.77,124.70,403.41,374.02,284.47,195.31,277.27,204.78,0.00,155.98,77.99,223.66,159.50,119.29,114.56,193.63,497.11,538.66,365.81,432.00,521.42,402.23,424.19,474.02,390.20,400.59,324.08,342.46,406.39,214.28,530.68,175.83,103.64,119.62,176.95,100.84
León,693.66,677.95,528.03,625.74,604.97,556.79,660.84,580.37,426.75,448.10,399.94,87.86,172.10,507.91,424.87,401.22,295.93,330.33,228.16,155.98,0.00,107.62,181.27,220.28,270.73,126.11,122.69,653.08,693.16,521.79,587.43,639.12,544.56,557.13,430.12,353.81,246.46,168.63,190.64,252.90,287.97,635.35,321.27,256.26,226.65,302.56,238.12
Palencia,602.15,628.11,458.76,543.18,566.98,474.60,588.09,528.62,340.32,340.94,304.20,185.06,171.88,404.16,340.15,294.45,190.69,242.39,151.00,77.99,107.62,0.00,149.30,123.65,171.81,42.90,115.64,560.19,607.25,428.86,490.32,533.04,437.86,449.50,404.73,321.74,351.16,271.96,277.21,342.10,190.07,532.17,252.95,178.80,190.85,254.09,178.60
Salamanca,536.73,497.00,351.00,457.82,426.93,389.76,484.52,399.15,456.09,390.57,405.80,266.34,316.36,391.56,265.72,314.37,213.45,185.32,89.68,223.66,181.27,149.30,0.00,130.59,280.09,109.11,59.71,656.90,715.44,529.74,579.41,530.90,487.03,478.80,257.81,176.77,349.32,275.52,237.65,296.00,176.30,510.73,390.53,314.46,340.04,400.36,323.76
Segovia,478.53,526.11,344.51,421.02,476.86,352.84,470.20,426.94,335.44,261.85,280.18,304.79,281.22,289.33,218.28,192.84,86.47,120.30,57.80,159.50,220.28,123.65,130.59,0.00,163.99,94.17,150.49,527.68,588.71,402.15,449.39,424.10,359.31,356.74,334.97,252.13,445.08,366.08,348.33,411.31,67.74,415.88,291.18,218.25,275.55,317.07,242.82
Soria,548.48,668.67,473.84,519.26,630.44,457.15,585.37,571.88,176.15,195.47,132.63,328.04,217.74,312.71,332.75,190.78,138.58,248.57,221.78,119.29,270.73,171.81,280.09,163.99,0.00,186.83,273.12,388.84,439.43,257.84,318.59,416.68,284.31,310.97,497.94,415.73,517.09,439.25,449.02,513.90,181.83,435.16,134.99,77.45,170.54,177.29,121.14
Valladolid,569.99,585.63,418.58,506.90,524.08,438.05,548.92,486.19,361.25,336.56,318.64,211.23,214.75,382.55,304.21,279.75,172.80,207.47,110.80,114.56,126.11,42.90,109.11,94.17,186.83,0.00,86.62,574.48,626.20,444.11,501.39,515.51,434.61,440.15,362.45,279.23,357.01,277.44,270.33,335.05,161.87,509.63,284.39,208.65,231.57,291.38,214.91
Zamora,591.22,555.31,410.41,515.24,482.78,446.81,543.88,457.94,447.87,410.49,404.34,206.77,269.56,432.04,319.78,343.07,236.93,233.01,129.76,193.63,122.69,115.64,59.71,150.49,273.12,86.62,0.00,659.64,712.55,529.76,585.32,569.86,508.47,507.22,309.74,231.64,300.89,224.15,198.11,260.81,209.81,554.97,367.99,292.99,302.65,369.12,294.12
Barcelona,644.83,908.57,710.53,682.00,907.56,648.76,769.63,829.25,229.57,298.75,256.21,693.92,542.07,433.30,582.50,391.22,455.40,549.55,580.25,497.11,653.08,560.19,656.90,527.68,388.84,574.48,659.64,0.00,85.28,131.48,82.82,406.85,243.51,303.06,824.99,753.15,895.73,820.68,836.99,901.66,505.10,471.32,352.30,399.92,468.43,402.89,430.86
Girona,730.10,990.43,791.29,766.29,986.42,731.63,853.62,909.38,267.26,375.61,309.67,725.01,566.07,516.40,660.51,466.91,521.99,621.47,643.42,538.66,693.16,607.25,715.44,588.71,439.43,626.20,712.55,85.28,0.00,186.86,162.40,491.90,327.47,387.86,896.96,822.72,930.41,858.01,881.09,945.02,572.75,556.58,378.30,436.91,492.03,419.98,461.06
Lleida,594.44,821.72,620.27,612.34,809.80,569.18,696.35,735.92,103.11,202.50,125.47,564.60,416.81,359.49,484.05,288.76,335.52,437.38,456.60,365.81,521.79,428.86,529.74,402.15,257.84,444.11,529.76,131.48,186.86,0.00,76.10,375.76,189.98,253.21,712.19,636.79,765.09,689.62,705.55,770.19,386.50,429.94,229.05,269.97,344.30,285.08,303.48
Tarragona,574.12,828.05,629.17,605.20,825.34,569.34,692.06,747.54,178.26,215.94,187.50,634.71,490.52,354.30,499.97,308.40,374.77,467.09,500.73,432.00,587.43,490.32,579.41,449.39,318.59,501.39,585.32,82.82,162.40,76.10,0.00,341.88,166.86,229.16,742.40,671.07,832.54,755.94,767.50,832.41,423.91,402.88,304.22,340.38,418.73,361.02,376.35
Alicante,242.38,551.05,379.42,303.25,580.40,295.99,391.52,494.58,422.02,228.84,368.98,717.28,633.91,139.68,307.54,239.09,343.23,349.41,442.58,521.42,639.12,533.04,530.90,424.10,416.68,515.51,569.86,406.85,491.90,375.76,341.88,0.00,186.21,125.39,566.86,524.90,868.84,790.09,766.62,826.71,360.21,69.04,506.37,487.07,584.47,567.18,533.57
Castellón de la Plana,408.68,666.48,470.71,438.83,670.87,405.71,526.20,590.24,241.35,98.16,197.84,610.27,496.56,190.31,350.75,177.86,273.77,339.30,399.52,402.23,544.56,437.86,487.03,359.31,284.31,434.61,508.47,243.51,327.47,189.98,166.86,186.21,0.00,63.80,606.71,543.41,788.80,709.36,703.93,768.08,313.85,240.56,341.21,340.40,436.05,403.67,385.83
Valencia,345.26,612.54,420.67,379.43,622.89,350.68,467.57,540.40,296.93,115.59,246.12,628.65,528.02,138.18,310.58,164.66,270.43,315.52,389.38,424.19,557.13,449.50,478.80,356.74,310.97,440.15,507.22,303.06,387.86,253.21,229.16,125.39,63.80,0.00,572.09,514.58,797.11,717.50,705.01,768.03,302.56,176.86,386.57,375.35,472.68,448.35,421.75
Badajoz,456.31,268.36,220.51,350.76,179.93,303.58,328.23,186.81,662.41,528.01,600.70,507.13,574.07,442.29,263.49,435.41,379.09,275.61,278.03,474.02,430.12,404.73,257.81,334.97,497.94,362.45,309.74,824.99,896.96,712.19,742.40,566.86,606.71,572.09,0.00,83.97,512.85,461.90,391.65,419.37,327.77,518.04,625.76,551.60,593.16,646.60,570.19
Cáceres,450.54,327.91,224.19,351.87,251.18,293.36,350.58,234.42,582.64,459.37,522.32,434.31,492.00,392.39,217.54,367.90,301.64,205.29,194.79,390.20,353.81,321.74,176.77,252.13,415.73,279.23,231.64,753.15,822.72,636.79,671.07,524.90,543.41,514.58,83.97,0.00,464.41,405.28,341.86,379.99,250.41,483.55,542.37,467.95,509.47,562.65,486.22
A Coruña,884.27,781.21,681.34,799.49,689.66,733.24,812.56,695.19,667.12,691.42,645.14,207.12,371.81,732.16,614.44,636.24,528.93,533.01,430.60,400.59,246.46,351.16,349.32,445.08,517.09,357.01,300.89,895.73,930.41,765.09,832.54,868.84,788.80,797.11,512.85,464.41,0.00,79.62,122.56,105.28,508.90,855.83,552.66,495.98,443.15,519.92,469.41
Lugo,812.15,728.91,615.97,730.50,641.29,663.33,748.54,639.05,593.04,611.90,568.45,143.85,307.65,653.93,541.24,556.82,449.54,457.09,353.81,324.08,168.63,271.96,275.52,366.08,439.25,277.44,224.15,820.68,858.01,689.62,755.94,790.09,709.36,717.50,461.90,405.28,79.62,0.00,79.03,109.70,430.51,778.31,481.79,421.83,376.03,453.43,398.10
Ourense,766.72,659.88,559.71,679.45,569.67,613.98,690.44,572.92,613.92,605.77,581.29,199.93,353.14,627.92,498.98,541.10,434.59,422.96,324.17,342.46,190.64,277.21,237.65,348.33,449.02,270.33,198.11,836.99,881.09,705.55,767.50,766.62,703.93,705.01,391.65,341.86,122.56,79.03,0.00,64.97,407.38,748.32,511.80,445.11,415.07,491.91,428.76
Pontevedra,816.51,686.83,602.37,725.68,592.83,661.80,730.57,604.71,677.97,669.94,646.09,250.07,409.80,687.52,552.03,603.77,497.73,480.51,384.25,406.39,252.90,342.10,296.00,411.31,513.90,335.05,260.81,901.66,945.02,770.19,832.41,826.71,768.08,768.03,419.37,379.99,105.28,109.70,64.97,0.00,468.77,806.11,574.04,508.57,474.46,551.71,490.65
Madrid,412.68,487.49,296.06,360.33,449.25,293.33,415.63,390.21,335.41,220.13,272.94,372.46,338.76,223.46,160.38,138.41,51.35,67.46,86.84,214.28,287.97,190.07,176.30,67.74,181.83,161.87,209.81,505.10,572.75,386.50,423.91,360.21,313.85,302.56,327.77,250.41,508.90,430.51,407.38,468.77,0.00,349.02,316.57,250.52,322.82,352.74,283.48
Murcia,174.48,484.59,320.16,235.58,518.34,234.12,323.34,432.27,465.29,261.69,407.12,717.20,648.70,128.17,267.25,246.90,341.89,325.62,425.44,530.68,635.35,532.17,510.73,415.88,435.16,509.63,554.97,471.32,556.58,429.94,402.88,69.04,240.56,176.86,518.04,483.55,855.83,778.31,748.32,806.11,349.02,0.00,537.76,509.45,605.50,596.56,555.30
Pamplona,668.43,803.65,608.43,648.26,764.17,588.25,717.54,706.76,126.02,277.95,143.61,346.74,189.87,424.94,466.78,307.65,273.26,383.51,347.72,175.83,321.27,252.95,390.53,291.18,134.99,284.39,367.99,352.30,378.30,229.05,304.22,506.37,341.21,386.57,625.76,542.37,552.66,481.79,511.80,574.04,316.57,537.76,0.00,76.07,116.13,62.49,83.74
Logroño,625.88,737.61,545.90,595.89,694.01,533.03,660.44,639.67,171.25,260.53,157.13,294.68,157.13,388.82,406.38,267.25,212.15,317.98,273.80,103.64,256.26,178.80,314.46,218.25,77.45,208.65,292.99,399.92,436.91,269.97,340.38,487.07,340.40,375.35,551.60,467.95,495.98,421.83,445.11,508.57,250.52,509.45,76.07,0.00,97.54,102.37,46.55
Bilbao,715.99,801.59,617.57,679.03,748.84,613.93,738.31,702.31,241.23,358.03,245.72,236.04,74.12,483.13,482.91,361.12,293.08,388.84,323.82,119.62,226.65,190.85,340.04,275.55,170.54,231.57,302.65,468.43,492.03,344.30,418.73,584.47,436.05,472.68,593.16,509.47,443.15,376.03,415.07,474.46,322.82,605.50,116.13,97.54,0.00,77.44,51.00
San Sebastián,722.19,839.44,648.26,696.47,793.89,634.40,762.32,741.22,183.45,338.39,206.11,312.84,148.63,480.92,508.63,361.38,314.27,420.19,370.67,176.95,302.56,254.09,400.36,317.07,177.29,291.38,369.12,402.89,419.98,285.08,361.02,567.18,403.67,448.35,646.60,562.65,519.92,453.43,491.91,551.71,352.74,596.56,62.49,102.37,77.44,0.00,76.77
Vitoria-Gasteiz,668.82,767.65,579.50,635.32,719.47,571.27,697.28,668.91,201.46,307.04,198.16,264.24,114.94,433.77,442.18,311.90,249.57,350.55,295.15,100.84,238.12,178.60,323.76,242.82,121.14,214.91,294.12,430.86,461.06,303.48,376.35,533.57,385.83,421.75,570.19,486.22,469.41,398.10,428.76,490.65,283.48,555.30,83.74,46.55,51.00,76.77,0.00
