id,ciudad,lat,lon
0,Almería,36.834,-2.4637
1,Cádiz,36.5271,-6.2886
2,Córdoba,37.8882,-4.7794
3,Granada,37.1773,-3.5986
4,Huelva,37.2614,-6.9447
5,Jaén,37.7796,-3.7849
6,Málaga,36.7213,-4.4214
7,Sevilla,37.3891,-5.9845
8,Huesca,42.1401,-0.4089
9,Teruel,40.3456,-1.1065
10,Zaragoza,41.6488,-0.8891
11,Oviedo,43.3614,-5.8494
12,Santander,43.4623,-3.8099
13,Albacete,38.9943,-1.8585
14,Ciudad Real,38.9848,-3.9274
15,Cuenca,40.0704,-2.1374
16,Guadalajara,40.6329,-3.1669
17,Toledo,39.8628,-4.0273
18,Ávila,40.6564,-4.6818
19,Burgos,42.3439,-3.6969
20,León,42.5987,-5.5671
21,Palencia,42.0095,-4.5288
22,Salamanca,40.9701,-5.6635
23,Segovia,40.9429,-4.1088
24,Soria,41.7666,-2.479
25,Valladolid,41.6523,-4.7245
26,Zamora,41.5034,-5.7467
27,Barcelona,41.3874,2.1686
28,Girona,41.9794,2.8214
29,Lleida,41.6176,0.62
30,Tarragona,41.1189,1.2445
31,Alicante,38.3452,-0.481
32,Castellón de la Plana,39.9864,-0.0513
33,Valencia,39.4699,-0.3763
34,Badajoz,38.8794,-6.9707
35,Cáceres,39.4753,-6.3724
36,A Coruña,43.3623,-8.4115
37,Lugo,43.0097,-7.5568
38,Ourense,42.3358,-7.8639
39,Pontevedra,42.431,-8.6444
40,Madrid,40.4168,-3.7038
41,Murcia,37.9922,-1.1307
42,Pamplona,42.8125,-1.6458
43,Logroño,42.4627,-2.445
44,Bilbao,43.263,-2.935
45,San Sebastián,43.3183,-1.9812
46,Vitoria-Gasteiz,42.8467,-2.6716
