scenario,algorithm,hour_value_eur_h,total_cost_eur,tour_key
2026,ACO,0.0,525.0197322,0-19-7-40-27-23-46-39-21-29-42-14-1-17-41-13-43-2-31-3-30-20-24-15-38-11-22-6-10-33-35-16-28-4-26-45-36-5-37-44-34-9-12-8-18-32-25
2026,GA,0.0,1140.2812692,0-39-21-17-40-7-23-2-25-9-34-45-22-6-38-30-29-42-36-44-37-33-5-12-4-26-35-16-28-18-32-41-27-19-43-10-11-13-31-3-24-20-1-14-15-8-46
2026,ACO,10.0,1337.9726325999998,0-19-7-40-27-23-46-39-1-14-42-29-21-17-41-13-43-2-31-3-30-20-24-15-38-11-22-6-10-16-35-33-28-4-26-45-36-5-37-44-34-9-12-8-18-32-25
2026,GA,10.0,2754.5677097999996,0-39-21-17-40-7-23-2-25-9-34-45-22-6-38-30-29-42-36-44-37-33-5-12-4-26-35-16-28-18-32-41-27-19-43-10-11-13-31-3-24-20-1-14-15-8-46
2026,ACO,20.0,2064.327667,0-19-7-40-27-23-46-39-26-4-28-16-35-33-10-6-22-11-38-15-30-3-20-24-14-42-1-31-2-43-13-41-17-21-29-37-5-36-45-44-34-9-12-8-18-32-25
2026,GA,20.0,4333.5877098,0-39-21-17-40-7-23-2-25-9-34-45-22-6-38-30-29-42-36-44-37-33-5-12-4-26-35-16-28-18-32-41-27-19-43-10-11-13-31-3-24-20-1-14-15-8-46
2026,ACO,30.0,2807.154159,0-25-39-46-23-27-40-7-19-32-18-8-12-9-34-44-45-36-5-37-21-29-42-14-15-24-20-3-31-2-43-13-41-17-1-30-11-38-22-6-10-33-35-16-28-4-26
2026,GA,30.0,5912.6077098,0-39-21-17-40-7-23-2-25-9-34-45-22-6-38-30-29-42-36-44-37-33-5-12-4-26-35-16-28-18-32-41-27-19-43-10-11-13-31-3-24-20-1-14-15-8-46
2026,ACO,40.0,3672.3554010000007,0-9-39-19-7-40-27-23-46-1-17-41-13-43-2-31-3-20-30-11-10-6-22-38-15-24-14-42-21-29-37-5-36-45-44-34-33-35-16-28-4-26-12-8-18-32-25
2026,GA,40.0,7491.627709800002,0-39-21-17-40-7-23-2-25-9-34-45-22-6-38-30-29-42-36-44-37-33-5-12-4-26-35-16-28-18-32-41-27-19-43-10-11-13-31-3-24-20-1-14-15-8-46
